-- phpMyAdmin SQL Dump
-- version 5.1.1
-- https://www.phpmyadmin.net/
--
-- Хост: 127.0.0.1:3306
-- Время создания: Апр 25 2023 г., 19:45
-- Версия сервера: 8.0.24
-- Версия PHP: 8.0.14

SET SQL_MODE = "NO_AUTO_VALUE_ON_ZERO";
START TRANSACTION;
SET time_zone = "+00:00";


/*!40101 SET @OLD_CHARACTER_SET_CLIENT=@@CHARACTER_SET_CLIENT */;
/*!40101 SET @OLD_CHARACTER_SET_RESULTS=@@CHARACTER_SET_RESULTS */;
/*!40101 SET @OLD_COLLATION_CONNECTION=@@COLLATION_CONNECTION */;
/*!40101 SET NAMES utf8mb4 */;

--
-- База данных: `newsdiana_test`
--

-- --------------------------------------------------------

--
-- Структура таблицы `comments`
--

CREATE TABLE `comments` (
  `id` int NOT NULL,
  `user_id` int NOT NULL,
  `news_item_id` int NOT NULL,
  `content` longtext CHARACTER SET utf8mb4 COLLATE utf8mb4_unicode_ci NOT NULL,
  `date_load` datetime NOT NULL,
  `active` tinyint(1) NOT NULL
) ENGINE=InnoDB DEFAULT CHARSET=utf8mb4 COLLATE=utf8mb4_unicode_ci;

--
-- Дамп данных таблицы `comments`
--

INSERT INTO `comments` (`id`, `user_id`, `news_item_id`, `content`, `date_load`, `active`) VALUES
(126, 18, 530, 'Молодец!', '2023-04-25 19:40:33', 1),
(127, 18, 531, 'Дороговато конечно', '2023-04-25 19:40:33', 1),
(128, 18, 532, 'Очень познавательно!', '2023-04-25 19:40:33', 0),
(129, 18, 533, 'Ох уж этот ковид', '2023-04-25 19:40:33', 0),
(130, 18, 534, 'Молодец!', '2023-04-25 19:40:33', 1),
(131, 18, 535, 'Дороговато конечно', '2023-04-25 19:40:33', 1),
(132, 18, 536, 'Очень познавательно!', '2023-04-25 19:40:33', 0),
(133, 18, 537, 'Ох уж этот ковид', '2023-04-25 19:40:33', 0),
(134, 18, 538, 'Молодец!', '2023-04-25 19:40:33', 1),
(135, 18, 539, 'Дороговато конечно', '2023-04-25 19:40:33', 1),
(136, 18, 540, 'Очень познавательно!', '2023-04-25 19:40:33', 0),
(137, 18, 541, 'Ох уж этот ковид', '2023-04-25 19:40:33', 0),
(138, 18, 542, 'Молодец!', '2023-04-25 19:40:33', 1),
(139, 18, 543, 'Дороговато конечно', '2023-04-25 19:40:33', 1),
(140, 18, 544, 'Очень познавательно!', '2023-04-25 19:40:33', 0),
(141, 18, 545, 'Ох уж этот ковид', '2023-04-25 19:40:33', 0),
(142, 18, 546, 'Молодец!', '2023-04-25 19:40:33', 1),
(143, 18, 547, 'Дороговато конечно', '2023-04-25 19:40:33', 1),
(144, 18, 548, 'Очень познавательно!', '2023-04-25 19:40:33', 0),
(145, 18, 549, 'Ох уж этот ковид', '2023-04-25 19:40:33', 0);

-- --------------------------------------------------------

--
-- Структура таблицы `doctrine_migration_versions`
--

CREATE TABLE `doctrine_migration_versions` (
  `version` varchar(191) CHARACTER SET utf8 COLLATE utf8_unicode_ci NOT NULL,
  `executed_at` datetime DEFAULT NULL,
  `execution_time` int DEFAULT NULL
) ENGINE=InnoDB DEFAULT CHARSET=utf8mb3 COLLATE=utf8_unicode_ci;

--
-- Дамп данных таблицы `doctrine_migration_versions`
--

INSERT INTO `doctrine_migration_versions` (`version`, `executed_at`, `execution_time`) VALUES
('DoctrineMigrations\\Version20230303180322', '2023-03-03 21:04:18', 975),
('DoctrineMigrations\\Version20230303202752', '2023-03-03 23:28:04', 439),
('DoctrineMigrations\\Version20230305135500', '2023-03-05 20:29:20', 301),
('DoctrineMigrations\\Version20230305173450', '2023-03-05 20:36:17', 409),
('DoctrineMigrations\\Version20230401212552', '2023-04-02 00:26:51', 1432),
('DoctrineMigrations\\Version20230401221938', '2023-04-02 01:19:50', 235);

-- --------------------------------------------------------

--
-- Структура таблицы `messenger_messages`
--

CREATE TABLE `messenger_messages` (
  `id` bigint NOT NULL,
  `body` longtext CHARACTER SET utf8mb4 COLLATE utf8mb4_unicode_ci NOT NULL,
  `headers` longtext CHARACTER SET utf8mb4 COLLATE utf8mb4_unicode_ci NOT NULL,
  `queue_name` varchar(190) CHARACTER SET utf8mb4 COLLATE utf8mb4_unicode_ci NOT NULL,
  `created_at` datetime NOT NULL,
  `available_at` datetime NOT NULL,
  `delivered_at` datetime DEFAULT NULL
) ENGINE=InnoDB DEFAULT CHARSET=utf8mb4 COLLATE=utf8mb4_unicode_ci;

-- --------------------------------------------------------

--
-- Структура таблицы `news`
--

CREATE TABLE `news` (
  `id` int NOT NULL,
  `name` varchar(255) CHARACTER SET utf8mb4 COLLATE utf8mb4_unicode_ci NOT NULL,
  `date` datetime NOT NULL,
  `description` longtext CHARACTER SET utf8mb4 COLLATE utf8mb4_unicode_ci NOT NULL,
  `views` int DEFAULT NULL,
  `content` longtext CHARACTER SET utf8mb4 COLLATE utf8mb4_unicode_ci NOT NULL,
  `fotopath` varchar(255) CHARACTER SET utf8mb4 COLLATE utf8mb4_unicode_ci NOT NULL,
  `active` tinyint(1) NOT NULL,
  `user_id` int NOT NULL
) ENGINE=InnoDB DEFAULT CHARSET=utf8mb4 COLLATE=utf8mb4_unicode_ci;

--
-- Дамп данных таблицы `news`
--

INSERT INTO `news` (`id`, `name`, `date`, `description`, `views`, `content`, `fotopath`, `active`, `user_id`) VALUES
(530, 'Спорт', '2023-04-25 19:40:33', 'Взявшая золото российская фигуристка Валиева восхитила японцев', 0, 'Японский журналист Хитоси Курасава оценил в своей статье для издания Mainichi Shimbun выступление российской фигуристки Камилы Валиевой, завоевавшей золотую медаль в женском одиночном катании на своем дебютном чемпионате Европы.\nКак отмечает автор, Валиева уверенно выиграла свой первый чемпионат такого уровня. При этом второе и третье место также заняли россиянки Анна Щербакова и Александра Трусова. \"Таким образом, три российские фигуристки вновь оккупировали весь подиум ЧЕ в Таллине\", — написал он.\nПо словам автора статьи, в финальных прокатах Валиева, которая бурно прогрессировала в каждом своем предыдущем выступлении, показала очень редкие для нее сбои. \"Тем не менее характерное для Валиевой соединение холодного расчета с мощью исполнения присутствовало и на этот раз. За технику в произвольной программе она получила 94,58 балла, а оценка за художественное впечатление составила 75,03 балла. Оба результата являются высшими\", — указал Курасава.\nЖурналист напомнил, что в сезоне 2021-2022 года фигуристка одержала пять побед подряд как на национальном, так и на международном уровне. \"Особенно на международных соревнованиях: каждый раз, когда она выступает, то обновляет высшее мировое достижение\", — подчеркнул он.\nПри этом Валиева, которую, по словам журналиста, называют самым многообещающим кандидатом на золотую медаль Олимпийских игр в Пекине, уже думает об олимпийской арене. \"Пятнадцатилетняя девушка, получившая прозвище \"источник огорчений\", потому что она \"сбивает\" боевой дух своих соперниц подавляющей силой своего мастерства, сказала: \"Я хочу увидеть Великую Китайскую стену\", — заключил Курасава.\nЧитатели в комментариях к статье также оценили талант российской фигуристки.\n\"Потрясающий результат Валиевой на чемпионате Европы\", — написал пользователь hir.\n\"Какая у этой девушки сила воли! Хладнокровие, которое наводит на мысль о том, что она по менталитету старше своих 15 лет. Это так подходит для королевы фигурного катания\", — указал mar.\n\"Выражения у всех фигуристок нежные, и выглядят все вроде одинаково, но четверные прыжки у русских потрясающие! Ни одна страна больше не может сравниться с ними по этому показателю. Поэтому Олимпиада уже становится неинтересной\", — добавил may.\nПо результатам чемпионата Европы по фигурному катанию россияне завоевали девять наград из 12 возможных. В женском одиночном катании победила Валиева, второй стала Щербакова, третьей — Трусова. У мужчин сильнейшим был Марк Кондратюк. На пьедестале после соревнований спортивных пар оказались россияне Анастасия Мишина и Александр Галлямов, Евгения Тарасова и Владимир Морозов, Александра Бойкова и Дмитрий Козловский. У танцоров победили Виктория Синицина и Никита Кацалапов, вторыми стали Александра Степанова и Иван Букин.\nОлимпийские игры в Пекине пройдут 4-20 февраля.', '1.jpg', 1, 18),
(531, 'Недвижимость', '2023-04-25 19:40:33', 'Сингапур и Нью-Йорк возглавили рейтинг самых дорогих для жизни городов мира', 0, 'Сингапур и Нью-Йорк возглавили рейтинг городов с самой высокой стоимостью проживания в мире, следует из рейтинга Worldwide Cost of Living от Economist Intelligence Unit, аналитического подразделения британской компании Economist Group.\nСингапур возглавлял рейтинг с 2014 по 2019 год, затем уступив это звание Парижу и Тель-Авиву.\nЗа Сингапуром и Нью-Йорком в нынешнем рейтинге следуют Тель-Авив, Лос-Анджелес и Гонконг.\nПо данным аналитиков, шесть из десяти городов, где значительно поднялась стоимость проживания, находятся в США.\nМосква и Санкт-Петербург, отмечают создатели рейтинга, также стремительно поднялись в нем — Москва оказалась на 37-м месте, хотя в 2021 году была на 125-й позиции, а Санкт-Петербург теперь на 73-м месте рейтинга по сравнению со 143-м в прошлом году.\nСоставители рейтинга не включили в него Киев, так как не смогли посетить город, а также Каракас в Венесуэле, \"чтобы избежать искажения рейтинга\".\nСамым \"бюджетным\" городом для проживания вновь стал Дамаск, также рейтинг замыкают Триполи в Ливии, Тегеран, Тунис и Ташкент.\n«\n\"Цены в мегаполисах во всем мире в среднем увеличились на 8,1% в местной валюте за год… Наше исследование выявило, что стоимость жизни растет самыми быстрыми темпами за как минимум 20 лет\", - отмечает газета.\n\nПо ее данным, на росте цен сказались ограничения КНР на поставки из-за коронавируса, рост стоимости энергоресурсов и продовольствия, украинский кризис и другие факторы.', '2.jpg', 0, 18),
(532, 'Навигатор абитуриента', '2023-04-25 19:40:33', 'Учебный год для иностранных студентов в России может начаться в октябре', 0, 'Возобновление занятий в российских вузах для иностранных студентов, в том числе и китайских, зависит и от эпидемиологической обстановки в мире, и от процесса восстановления международного авиасообщения, возможно, начало аудиторных занятий будет отложено до октября, заявил журналистам во вторник представитель Министерства науки и высшего образования России в Китае, первый секретарь посольства РФ в КНР Игорь Поздняков.\n\"Говорить о том, что возобновление ожидается – можно, возобновятся ли занятия – это будет зависеть от текущей эпидемиологической ситуации в России и в Китае\", – заявил Поздняков.\nПри этом он отметил, что \"в то же время мы готовы к такому развитию событий, что, возможно, придется отложить начало аудиторных занятий до 1 октября, поэтому мы в предварительном порядке информируем наших партнеров, в том числе министерство образования КНР о том, что, например, для стипендиатов, которые отправляются в Россию по государственной линии, не исключаем возможности проведения в сентябре для них занятий онлайн, дистанционно\".\n\"Из чего можно сделать вывод, что (начать – ред.) аудиторные занятия мы предполагаем в октябре, но опять-таки возможны другие варианты, это зависит не только от текущей эпидемиологической ситуации в России или в Китае, или в мире в целом, но в том числе и от целого ряда организационных вопросов, включая возобновление международного авиасообщения, что связано в том числе с работой авиакомпаний, визовыми вопросами\", – указал дипломат.', '3.jpg', 1, 18),
(533, 'COVID-19 и Вузы', '2023-04-25 19:40:33', 'COVID-19 отступает? Как вузы разных стран готовятся к осеннему семестру', 0, 'Российским вузам надо готовиться к тому, что осенний семестр, возможно, придется провести в дистанционном формате, считает вице-премьер РФ Татьяна Голикова. В аналогичной ситуации сейчас находятся университеты подавляющего большинства стран. О том, какие меры принимают вузы всего мира, адаптируясь к пост-вирусной реальности, читайте в новом материале РИА Новости.\nВ связи с пандемией COVID-19 с марта по июнь 2020 года учебная и исследовательская активность практически во всех вузах мира ограничивалась возможностями удаленного доступа. Были закрыты почти все лаборатории, библиотеки и другие публичные пространства.\nКак минимум до августа останутся под запретом все массовые мероприятия, и даже церемонии вручения дипломов во многих университетах будут отложены или пройдут онлайн. С конца мая многие вузы приступили к масштабной подготовке персонала и кампусов для следующего учебного года, который принесет много новшеств.\nСтрогие рамки\nНесмотря на то, что эпидемиологическая ситуация в некоторых странах налаживается, соблюдение норм гигиены и социальной дистанции остается максимально строгим требованием во всем мире.\nУспех в борьбе с вирусом, как считает, например, руководство Токийского университета, возможен только в том случае, если устранить из жизни вуза три фактора: работу в закрытых помещениях, скопления людей и близкий физический контакт между ними.\nСогласно регламенту большинства вузов, безопасным считается контакт с расстояния около двух метров. По правилам Швейцарской высшей технической школы для восстановления работы лабораторий потребуется реорганизовать пространство так, чтобы на одного человека приходилось минимум 10 м2. Антисептические препараты, перчатки и маски останутся ежедневной необходимостью.\nУкреплению новых гигиенических норм уделяется большое внимание. Многие университеты, как, например, Стенфордский, запустили онлайн-тренинги по подготовке персонала к работе в новых санитарных условиях. Только пройдя этот курс, можно будет вернуться в кампус.\nНаряду с тестами на коронавирус и бесконтактными термометрами другим важным средством борьбы с распространением инфекции, внедряемым в университетский быт, являются системы мониторинга наподобие сингапурского SafeEntry или оксфордского Health Check. Они позволяют отслеживать состояние персонала и регулировать доступ в кампус в зависимости от показателей.\nКроме того, многие вузы, такие как сингапурский NUS, ввели на своей территории систему зонирования, предполагающую дополнительный пропускной режим внутри кампуса. Также персонал NUS использует приложение TraceTogether, контролирующее контакты между людьми. Подобные приложение активно тестируются и в других университетах, например, в Швейцарской высшей технической школе.', '4.jpg', 0, 18),
(534, 'Спорт', '2023-04-25 19:40:33', 'Взявшая золото российская фигуристка Валиева восхитила японцев', 0, 'Японский журналист Хитоси Курасава оценил в своей статье для издания Mainichi Shimbun выступление российской фигуристки Камилы Валиевой, завоевавшей золотую медаль в женском одиночном катании на своем дебютном чемпионате Европы.\nКак отмечает автор, Валиева уверенно выиграла свой первый чемпионат такого уровня. При этом второе и третье место также заняли россиянки Анна Щербакова и Александра Трусова. \"Таким образом, три российские фигуристки вновь оккупировали весь подиум ЧЕ в Таллине\", — написал он.\nПо словам автора статьи, в финальных прокатах Валиева, которая бурно прогрессировала в каждом своем предыдущем выступлении, показала очень редкие для нее сбои. \"Тем не менее характерное для Валиевой соединение холодного расчета с мощью исполнения присутствовало и на этот раз. За технику в произвольной программе она получила 94,58 балла, а оценка за художественное впечатление составила 75,03 балла. Оба результата являются высшими\", — указал Курасава.\nЖурналист напомнил, что в сезоне 2021-2022 года фигуристка одержала пять побед подряд как на национальном, так и на международном уровне. \"Особенно на международных соревнованиях: каждый раз, когда она выступает, то обновляет высшее мировое достижение\", — подчеркнул он.\nПри этом Валиева, которую, по словам журналиста, называют самым многообещающим кандидатом на золотую медаль Олимпийских игр в Пекине, уже думает об олимпийской арене. \"Пятнадцатилетняя девушка, получившая прозвище \"источник огорчений\", потому что она \"сбивает\" боевой дух своих соперниц подавляющей силой своего мастерства, сказала: \"Я хочу увидеть Великую Китайскую стену\", — заключил Курасава.\nЧитатели в комментариях к статье также оценили талант российской фигуристки.\n\"Потрясающий результат Валиевой на чемпионате Европы\", — написал пользователь hir.\n\"Какая у этой девушки сила воли! Хладнокровие, которое наводит на мысль о том, что она по менталитету старше своих 15 лет. Это так подходит для королевы фигурного катания\", — указал mar.\n\"Выражения у всех фигуристок нежные, и выглядят все вроде одинаково, но четверные прыжки у русских потрясающие! Ни одна страна больше не может сравниться с ними по этому показателю. Поэтому Олимпиада уже становится неинтересной\", — добавил may.\nПо результатам чемпионата Европы по фигурному катанию россияне завоевали девять наград из 12 возможных. В женском одиночном катании победила Валиева, второй стала Щербакова, третьей — Трусова. У мужчин сильнейшим был Марк Кондратюк. На пьедестале после соревнований спортивных пар оказались россияне Анастасия Мишина и Александр Галлямов, Евгения Тарасова и Владимир Морозов, Александра Бойкова и Дмитрий Козловский. У танцоров победили Виктория Синицина и Никита Кацалапов, вторыми стали Александра Степанова и Иван Букин.\nОлимпийские игры в Пекине пройдут 4-20 февраля.', '1.jpg', 1, 18),
(535, 'Недвижимость', '2023-04-25 19:40:33', 'Сингапур и Нью-Йорк возглавили рейтинг самых дорогих для жизни городов мира', 0, 'Сингапур и Нью-Йорк возглавили рейтинг городов с самой высокой стоимостью проживания в мире, следует из рейтинга Worldwide Cost of Living от Economist Intelligence Unit, аналитического подразделения британской компании Economist Group.\nСингапур возглавлял рейтинг с 2014 по 2019 год, затем уступив это звание Парижу и Тель-Авиву.\nЗа Сингапуром и Нью-Йорком в нынешнем рейтинге следуют Тель-Авив, Лос-Анджелес и Гонконг.\nПо данным аналитиков, шесть из десяти городов, где значительно поднялась стоимость проживания, находятся в США.\nМосква и Санкт-Петербург, отмечают создатели рейтинга, также стремительно поднялись в нем — Москва оказалась на 37-м месте, хотя в 2021 году была на 125-й позиции, а Санкт-Петербург теперь на 73-м месте рейтинга по сравнению со 143-м в прошлом году.\nСоставители рейтинга не включили в него Киев, так как не смогли посетить город, а также Каракас в Венесуэле, \"чтобы избежать искажения рейтинга\".\nСамым \"бюджетным\" городом для проживания вновь стал Дамаск, также рейтинг замыкают Триполи в Ливии, Тегеран, Тунис и Ташкент.\n«\n\"Цены в мегаполисах во всем мире в среднем увеличились на 8,1% в местной валюте за год… Наше исследование выявило, что стоимость жизни растет самыми быстрыми темпами за как минимум 20 лет\", - отмечает газета.\n\nПо ее данным, на росте цен сказались ограничения КНР на поставки из-за коронавируса, рост стоимости энергоресурсов и продовольствия, украинский кризис и другие факторы.', '2.jpg', 0, 18),
(536, 'Навигатор абитуриента', '2023-04-25 19:40:33', 'Учебный год для иностранных студентов в России может начаться в октябре', 0, 'Возобновление занятий в российских вузах для иностранных студентов, в том числе и китайских, зависит и от эпидемиологической обстановки в мире, и от процесса восстановления международного авиасообщения, возможно, начало аудиторных занятий будет отложено до октября, заявил журналистам во вторник представитель Министерства науки и высшего образования России в Китае, первый секретарь посольства РФ в КНР Игорь Поздняков.\n\"Говорить о том, что возобновление ожидается – можно, возобновятся ли занятия – это будет зависеть от текущей эпидемиологической ситуации в России и в Китае\", – заявил Поздняков.\nПри этом он отметил, что \"в то же время мы готовы к такому развитию событий, что, возможно, придется отложить начало аудиторных занятий до 1 октября, поэтому мы в предварительном порядке информируем наших партнеров, в том числе министерство образования КНР о том, что, например, для стипендиатов, которые отправляются в Россию по государственной линии, не исключаем возможности проведения в сентябре для них занятий онлайн, дистанционно\".\n\"Из чего можно сделать вывод, что (начать – ред.) аудиторные занятия мы предполагаем в октябре, но опять-таки возможны другие варианты, это зависит не только от текущей эпидемиологической ситуации в России или в Китае, или в мире в целом, но в том числе и от целого ряда организационных вопросов, включая возобновление международного авиасообщения, что связано в том числе с работой авиакомпаний, визовыми вопросами\", – указал дипломат.', '3.jpg', 1, 18),
(537, 'COVID-19 и Вузы', '2023-04-25 19:40:33', 'COVID-19 отступает? Как вузы разных стран готовятся к осеннему семестру', 0, 'Российским вузам надо готовиться к тому, что осенний семестр, возможно, придется провести в дистанционном формате, считает вице-премьер РФ Татьяна Голикова. В аналогичной ситуации сейчас находятся университеты подавляющего большинства стран. О том, какие меры принимают вузы всего мира, адаптируясь к пост-вирусной реальности, читайте в новом материале РИА Новости.\nВ связи с пандемией COVID-19 с марта по июнь 2020 года учебная и исследовательская активность практически во всех вузах мира ограничивалась возможностями удаленного доступа. Были закрыты почти все лаборатории, библиотеки и другие публичные пространства.\nКак минимум до августа останутся под запретом все массовые мероприятия, и даже церемонии вручения дипломов во многих университетах будут отложены или пройдут онлайн. С конца мая многие вузы приступили к масштабной подготовке персонала и кампусов для следующего учебного года, который принесет много новшеств.\nСтрогие рамки\nНесмотря на то, что эпидемиологическая ситуация в некоторых странах налаживается, соблюдение норм гигиены и социальной дистанции остается максимально строгим требованием во всем мире.\nУспех в борьбе с вирусом, как считает, например, руководство Токийского университета, возможен только в том случае, если устранить из жизни вуза три фактора: работу в закрытых помещениях, скопления людей и близкий физический контакт между ними.\nСогласно регламенту большинства вузов, безопасным считается контакт с расстояния около двух метров. По правилам Швейцарской высшей технической школы для восстановления работы лабораторий потребуется реорганизовать пространство так, чтобы на одного человека приходилось минимум 10 м2. Антисептические препараты, перчатки и маски останутся ежедневной необходимостью.\nУкреплению новых гигиенических норм уделяется большое внимание. Многие университеты, как, например, Стенфордский, запустили онлайн-тренинги по подготовке персонала к работе в новых санитарных условиях. Только пройдя этот курс, можно будет вернуться в кампус.\nНаряду с тестами на коронавирус и бесконтактными термометрами другим важным средством борьбы с распространением инфекции, внедряемым в университетский быт, являются системы мониторинга наподобие сингапурского SafeEntry или оксфордского Health Check. Они позволяют отслеживать состояние персонала и регулировать доступ в кампус в зависимости от показателей.\nКроме того, многие вузы, такие как сингапурский NUS, ввели на своей территории систему зонирования, предполагающую дополнительный пропускной режим внутри кампуса. Также персонал NUS использует приложение TraceTogether, контролирующее контакты между людьми. Подобные приложение активно тестируются и в других университетах, например, в Швейцарской высшей технической школе.', '4.jpg', 0, 18),
(538, 'Спорт', '2023-04-25 19:40:33', 'Взявшая золото российская фигуристка Валиева восхитила японцев', 0, 'Японский журналист Хитоси Курасава оценил в своей статье для издания Mainichi Shimbun выступление российской фигуристки Камилы Валиевой, завоевавшей золотую медаль в женском одиночном катании на своем дебютном чемпионате Европы.\nКак отмечает автор, Валиева уверенно выиграла свой первый чемпионат такого уровня. При этом второе и третье место также заняли россиянки Анна Щербакова и Александра Трусова. \"Таким образом, три российские фигуристки вновь оккупировали весь подиум ЧЕ в Таллине\", — написал он.\nПо словам автора статьи, в финальных прокатах Валиева, которая бурно прогрессировала в каждом своем предыдущем выступлении, показала очень редкие для нее сбои. \"Тем не менее характерное для Валиевой соединение холодного расчета с мощью исполнения присутствовало и на этот раз. За технику в произвольной программе она получила 94,58 балла, а оценка за художественное впечатление составила 75,03 балла. Оба результата являются высшими\", — указал Курасава.\nЖурналист напомнил, что в сезоне 2021-2022 года фигуристка одержала пять побед подряд как на национальном, так и на международном уровне. \"Особенно на международных соревнованиях: каждый раз, когда она выступает, то обновляет высшее мировое достижение\", — подчеркнул он.\nПри этом Валиева, которую, по словам журналиста, называют самым многообещающим кандидатом на золотую медаль Олимпийских игр в Пекине, уже думает об олимпийской арене. \"Пятнадцатилетняя девушка, получившая прозвище \"источник огорчений\", потому что она \"сбивает\" боевой дух своих соперниц подавляющей силой своего мастерства, сказала: \"Я хочу увидеть Великую Китайскую стену\", — заключил Курасава.\nЧитатели в комментариях к статье также оценили талант российской фигуристки.\n\"Потрясающий результат Валиевой на чемпионате Европы\", — написал пользователь hir.\n\"Какая у этой девушки сила воли! Хладнокровие, которое наводит на мысль о том, что она по менталитету старше своих 15 лет. Это так подходит для королевы фигурного катания\", — указал mar.\n\"Выражения у всех фигуристок нежные, и выглядят все вроде одинаково, но четверные прыжки у русских потрясающие! Ни одна страна больше не может сравниться с ними по этому показателю. Поэтому Олимпиада уже становится неинтересной\", — добавил may.\nПо результатам чемпионата Европы по фигурному катанию россияне завоевали девять наград из 12 возможных. В женском одиночном катании победила Валиева, второй стала Щербакова, третьей — Трусова. У мужчин сильнейшим был Марк Кондратюк. На пьедестале после соревнований спортивных пар оказались россияне Анастасия Мишина и Александр Галлямов, Евгения Тарасова и Владимир Морозов, Александра Бойкова и Дмитрий Козловский. У танцоров победили Виктория Синицина и Никита Кацалапов, вторыми стали Александра Степанова и Иван Букин.\nОлимпийские игры в Пекине пройдут 4-20 февраля.', '1.jpg', 1, 18),
(539, 'Недвижимость', '2023-04-25 19:40:33', 'Сингапур и Нью-Йорк возглавили рейтинг самых дорогих для жизни городов мира', 0, 'Сингапур и Нью-Йорк возглавили рейтинг городов с самой высокой стоимостью проживания в мире, следует из рейтинга Worldwide Cost of Living от Economist Intelligence Unit, аналитического подразделения британской компании Economist Group.\nСингапур возглавлял рейтинг с 2014 по 2019 год, затем уступив это звание Парижу и Тель-Авиву.\nЗа Сингапуром и Нью-Йорком в нынешнем рейтинге следуют Тель-Авив, Лос-Анджелес и Гонконг.\nПо данным аналитиков, шесть из десяти городов, где значительно поднялась стоимость проживания, находятся в США.\nМосква и Санкт-Петербург, отмечают создатели рейтинга, также стремительно поднялись в нем — Москва оказалась на 37-м месте, хотя в 2021 году была на 125-й позиции, а Санкт-Петербург теперь на 73-м месте рейтинга по сравнению со 143-м в прошлом году.\nСоставители рейтинга не включили в него Киев, так как не смогли посетить город, а также Каракас в Венесуэле, \"чтобы избежать искажения рейтинга\".\nСамым \"бюджетным\" городом для проживания вновь стал Дамаск, также рейтинг замыкают Триполи в Ливии, Тегеран, Тунис и Ташкент.\n«\n\"Цены в мегаполисах во всем мире в среднем увеличились на 8,1% в местной валюте за год… Наше исследование выявило, что стоимость жизни растет самыми быстрыми темпами за как минимум 20 лет\", - отмечает газета.\n\nПо ее данным, на росте цен сказались ограничения КНР на поставки из-за коронавируса, рост стоимости энергоресурсов и продовольствия, украинский кризис и другие факторы.', '2.jpg', 0, 18),
(540, 'Навигатор абитуриента', '2023-04-25 19:40:33', 'Учебный год для иностранных студентов в России может начаться в октябре', 0, 'Возобновление занятий в российских вузах для иностранных студентов, в том числе и китайских, зависит и от эпидемиологической обстановки в мире, и от процесса восстановления международного авиасообщения, возможно, начало аудиторных занятий будет отложено до октября, заявил журналистам во вторник представитель Министерства науки и высшего образования России в Китае, первый секретарь посольства РФ в КНР Игорь Поздняков.\n\"Говорить о том, что возобновление ожидается – можно, возобновятся ли занятия – это будет зависеть от текущей эпидемиологической ситуации в России и в Китае\", – заявил Поздняков.\nПри этом он отметил, что \"в то же время мы готовы к такому развитию событий, что, возможно, придется отложить начало аудиторных занятий до 1 октября, поэтому мы в предварительном порядке информируем наших партнеров, в том числе министерство образования КНР о том, что, например, для стипендиатов, которые отправляются в Россию по государственной линии, не исключаем возможности проведения в сентябре для них занятий онлайн, дистанционно\".\n\"Из чего можно сделать вывод, что (начать – ред.) аудиторные занятия мы предполагаем в октябре, но опять-таки возможны другие варианты, это зависит не только от текущей эпидемиологической ситуации в России или в Китае, или в мире в целом, но в том числе и от целого ряда организационных вопросов, включая возобновление международного авиасообщения, что связано в том числе с работой авиакомпаний, визовыми вопросами\", – указал дипломат.', '3.jpg', 1, 18),
(541, 'COVID-19 и Вузы', '2023-04-25 19:40:33', 'COVID-19 отступает? Как вузы разных стран готовятся к осеннему семестру', 0, 'Российским вузам надо готовиться к тому, что осенний семестр, возможно, придется провести в дистанционном формате, считает вице-премьер РФ Татьяна Голикова. В аналогичной ситуации сейчас находятся университеты подавляющего большинства стран. О том, какие меры принимают вузы всего мира, адаптируясь к пост-вирусной реальности, читайте в новом материале РИА Новости.\nВ связи с пандемией COVID-19 с марта по июнь 2020 года учебная и исследовательская активность практически во всех вузах мира ограничивалась возможностями удаленного доступа. Были закрыты почти все лаборатории, библиотеки и другие публичные пространства.\nКак минимум до августа останутся под запретом все массовые мероприятия, и даже церемонии вручения дипломов во многих университетах будут отложены или пройдут онлайн. С конца мая многие вузы приступили к масштабной подготовке персонала и кампусов для следующего учебного года, который принесет много новшеств.\nСтрогие рамки\nНесмотря на то, что эпидемиологическая ситуация в некоторых странах налаживается, соблюдение норм гигиены и социальной дистанции остается максимально строгим требованием во всем мире.\nУспех в борьбе с вирусом, как считает, например, руководство Токийского университета, возможен только в том случае, если устранить из жизни вуза три фактора: работу в закрытых помещениях, скопления людей и близкий физический контакт между ними.\nСогласно регламенту большинства вузов, безопасным считается контакт с расстояния около двух метров. По правилам Швейцарской высшей технической школы для восстановления работы лабораторий потребуется реорганизовать пространство так, чтобы на одного человека приходилось минимум 10 м2. Антисептические препараты, перчатки и маски останутся ежедневной необходимостью.\nУкреплению новых гигиенических норм уделяется большое внимание. Многие университеты, как, например, Стенфордский, запустили онлайн-тренинги по подготовке персонала к работе в новых санитарных условиях. Только пройдя этот курс, можно будет вернуться в кампус.\nНаряду с тестами на коронавирус и бесконтактными термометрами другим важным средством борьбы с распространением инфекции, внедряемым в университетский быт, являются системы мониторинга наподобие сингапурского SafeEntry или оксфордского Health Check. Они позволяют отслеживать состояние персонала и регулировать доступ в кампус в зависимости от показателей.\nКроме того, многие вузы, такие как сингапурский NUS, ввели на своей территории систему зонирования, предполагающую дополнительный пропускной режим внутри кампуса. Также персонал NUS использует приложение TraceTogether, контролирующее контакты между людьми. Подобные приложение активно тестируются и в других университетах, например, в Швейцарской высшей технической школе.', '4.jpg', 0, 18),
(542, 'Спорт', '2023-04-25 19:40:33', 'Взявшая золото российская фигуристка Валиева восхитила японцев', 0, 'Японский журналист Хитоси Курасава оценил в своей статье для издания Mainichi Shimbun выступление российской фигуристки Камилы Валиевой, завоевавшей золотую медаль в женском одиночном катании на своем дебютном чемпионате Европы.\nКак отмечает автор, Валиева уверенно выиграла свой первый чемпионат такого уровня. При этом второе и третье место также заняли россиянки Анна Щербакова и Александра Трусова. \"Таким образом, три российские фигуристки вновь оккупировали весь подиум ЧЕ в Таллине\", — написал он.\nПо словам автора статьи, в финальных прокатах Валиева, которая бурно прогрессировала в каждом своем предыдущем выступлении, показала очень редкие для нее сбои. \"Тем не менее характерное для Валиевой соединение холодного расчета с мощью исполнения присутствовало и на этот раз. За технику в произвольной программе она получила 94,58 балла, а оценка за художественное впечатление составила 75,03 балла. Оба результата являются высшими\", — указал Курасава.\nЖурналист напомнил, что в сезоне 2021-2022 года фигуристка одержала пять побед подряд как на национальном, так и на международном уровне. \"Особенно на международных соревнованиях: каждый раз, когда она выступает, то обновляет высшее мировое достижение\", — подчеркнул он.\nПри этом Валиева, которую, по словам журналиста, называют самым многообещающим кандидатом на золотую медаль Олимпийских игр в Пекине, уже думает об олимпийской арене. \"Пятнадцатилетняя девушка, получившая прозвище \"источник огорчений\", потому что она \"сбивает\" боевой дух своих соперниц подавляющей силой своего мастерства, сказала: \"Я хочу увидеть Великую Китайскую стену\", — заключил Курасава.\nЧитатели в комментариях к статье также оценили талант российской фигуристки.\n\"Потрясающий результат Валиевой на чемпионате Европы\", — написал пользователь hir.\n\"Какая у этой девушки сила воли! Хладнокровие, которое наводит на мысль о том, что она по менталитету старше своих 15 лет. Это так подходит для королевы фигурного катания\", — указал mar.\n\"Выражения у всех фигуристок нежные, и выглядят все вроде одинаково, но четверные прыжки у русских потрясающие! Ни одна страна больше не может сравниться с ними по этому показателю. Поэтому Олимпиада уже становится неинтересной\", — добавил may.\nПо результатам чемпионата Европы по фигурному катанию россияне завоевали девять наград из 12 возможных. В женском одиночном катании победила Валиева, второй стала Щербакова, третьей — Трусова. У мужчин сильнейшим был Марк Кондратюк. На пьедестале после соревнований спортивных пар оказались россияне Анастасия Мишина и Александр Галлямов, Евгения Тарасова и Владимир Морозов, Александра Бойкова и Дмитрий Козловский. У танцоров победили Виктория Синицина и Никита Кацалапов, вторыми стали Александра Степанова и Иван Букин.\nОлимпийские игры в Пекине пройдут 4-20 февраля.', '1.jpg', 1, 18),
(543, 'Недвижимость', '2023-04-25 19:40:33', 'Сингапур и Нью-Йорк возглавили рейтинг самых дорогих для жизни городов мира', 0, 'Сингапур и Нью-Йорк возглавили рейтинг городов с самой высокой стоимостью проживания в мире, следует из рейтинга Worldwide Cost of Living от Economist Intelligence Unit, аналитического подразделения британской компании Economist Group.\nСингапур возглавлял рейтинг с 2014 по 2019 год, затем уступив это звание Парижу и Тель-Авиву.\nЗа Сингапуром и Нью-Йорком в нынешнем рейтинге следуют Тель-Авив, Лос-Анджелес и Гонконг.\nПо данным аналитиков, шесть из десяти городов, где значительно поднялась стоимость проживания, находятся в США.\nМосква и Санкт-Петербург, отмечают создатели рейтинга, также стремительно поднялись в нем — Москва оказалась на 37-м месте, хотя в 2021 году была на 125-й позиции, а Санкт-Петербург теперь на 73-м месте рейтинга по сравнению со 143-м в прошлом году.\nСоставители рейтинга не включили в него Киев, так как не смогли посетить город, а также Каракас в Венесуэле, \"чтобы избежать искажения рейтинга\".\nСамым \"бюджетным\" городом для проживания вновь стал Дамаск, также рейтинг замыкают Триполи в Ливии, Тегеран, Тунис и Ташкент.\n«\n\"Цены в мегаполисах во всем мире в среднем увеличились на 8,1% в местной валюте за год… Наше исследование выявило, что стоимость жизни растет самыми быстрыми темпами за как минимум 20 лет\", - отмечает газета.\n\nПо ее данным, на росте цен сказались ограничения КНР на поставки из-за коронавируса, рост стоимости энергоресурсов и продовольствия, украинский кризис и другие факторы.', '2.jpg', 0, 18),
(544, 'Навигатор абитуриента', '2023-04-25 19:40:33', 'Учебный год для иностранных студентов в России может начаться в октябре', 0, 'Возобновление занятий в российских вузах для иностранных студентов, в том числе и китайских, зависит и от эпидемиологической обстановки в мире, и от процесса восстановления международного авиасообщения, возможно, начало аудиторных занятий будет отложено до октября, заявил журналистам во вторник представитель Министерства науки и высшего образования России в Китае, первый секретарь посольства РФ в КНР Игорь Поздняков.\n\"Говорить о том, что возобновление ожидается – можно, возобновятся ли занятия – это будет зависеть от текущей эпидемиологической ситуации в России и в Китае\", – заявил Поздняков.\nПри этом он отметил, что \"в то же время мы готовы к такому развитию событий, что, возможно, придется отложить начало аудиторных занятий до 1 октября, поэтому мы в предварительном порядке информируем наших партнеров, в том числе министерство образования КНР о том, что, например, для стипендиатов, которые отправляются в Россию по государственной линии, не исключаем возможности проведения в сентябре для них занятий онлайн, дистанционно\".\n\"Из чего можно сделать вывод, что (начать – ред.) аудиторные занятия мы предполагаем в октябре, но опять-таки возможны другие варианты, это зависит не только от текущей эпидемиологической ситуации в России или в Китае, или в мире в целом, но в том числе и от целого ряда организационных вопросов, включая возобновление международного авиасообщения, что связано в том числе с работой авиакомпаний, визовыми вопросами\", – указал дипломат.', '3.jpg', 1, 18),
(545, 'COVID-19 и Вузы', '2023-04-25 19:40:33', 'COVID-19 отступает? Как вузы разных стран готовятся к осеннему семестру', 0, 'Российским вузам надо готовиться к тому, что осенний семестр, возможно, придется провести в дистанционном формате, считает вице-премьер РФ Татьяна Голикова. В аналогичной ситуации сейчас находятся университеты подавляющего большинства стран. О том, какие меры принимают вузы всего мира, адаптируясь к пост-вирусной реальности, читайте в новом материале РИА Новости.\nВ связи с пандемией COVID-19 с марта по июнь 2020 года учебная и исследовательская активность практически во всех вузах мира ограничивалась возможностями удаленного доступа. Были закрыты почти все лаборатории, библиотеки и другие публичные пространства.\nКак минимум до августа останутся под запретом все массовые мероприятия, и даже церемонии вручения дипломов во многих университетах будут отложены или пройдут онлайн. С конца мая многие вузы приступили к масштабной подготовке персонала и кампусов для следующего учебного года, который принесет много новшеств.\nСтрогие рамки\nНесмотря на то, что эпидемиологическая ситуация в некоторых странах налаживается, соблюдение норм гигиены и социальной дистанции остается максимально строгим требованием во всем мире.\nУспех в борьбе с вирусом, как считает, например, руководство Токийского университета, возможен только в том случае, если устранить из жизни вуза три фактора: работу в закрытых помещениях, скопления людей и близкий физический контакт между ними.\nСогласно регламенту большинства вузов, безопасным считается контакт с расстояния около двух метров. По правилам Швейцарской высшей технической школы для восстановления работы лабораторий потребуется реорганизовать пространство так, чтобы на одного человека приходилось минимум 10 м2. Антисептические препараты, перчатки и маски останутся ежедневной необходимостью.\nУкреплению новых гигиенических норм уделяется большое внимание. Многие университеты, как, например, Стенфордский, запустили онлайн-тренинги по подготовке персонала к работе в новых санитарных условиях. Только пройдя этот курс, можно будет вернуться в кампус.\nНаряду с тестами на коронавирус и бесконтактными термометрами другим важным средством борьбы с распространением инфекции, внедряемым в университетский быт, являются системы мониторинга наподобие сингапурского SafeEntry или оксфордского Health Check. Они позволяют отслеживать состояние персонала и регулировать доступ в кампус в зависимости от показателей.\nКроме того, многие вузы, такие как сингапурский NUS, ввели на своей территории систему зонирования, предполагающую дополнительный пропускной режим внутри кампуса. Также персонал NUS использует приложение TraceTogether, контролирующее контакты между людьми. Подобные приложение активно тестируются и в других университетах, например, в Швейцарской высшей технической школе.', '4.jpg', 0, 18),
(546, 'Спорт', '2023-04-25 19:40:33', 'Взявшая золото российская фигуристка Валиева восхитила японцев', 0, 'Японский журналист Хитоси Курасава оценил в своей статье для издания Mainichi Shimbun выступление российской фигуристки Камилы Валиевой, завоевавшей золотую медаль в женском одиночном катании на своем дебютном чемпионате Европы.\nКак отмечает автор, Валиева уверенно выиграла свой первый чемпионат такого уровня. При этом второе и третье место также заняли россиянки Анна Щербакова и Александра Трусова. \"Таким образом, три российские фигуристки вновь оккупировали весь подиум ЧЕ в Таллине\", — написал он.\nПо словам автора статьи, в финальных прокатах Валиева, которая бурно прогрессировала в каждом своем предыдущем выступлении, показала очень редкие для нее сбои. \"Тем не менее характерное для Валиевой соединение холодного расчета с мощью исполнения присутствовало и на этот раз. За технику в произвольной программе она получила 94,58 балла, а оценка за художественное впечатление составила 75,03 балла. Оба результата являются высшими\", — указал Курасава.\nЖурналист напомнил, что в сезоне 2021-2022 года фигуристка одержала пять побед подряд как на национальном, так и на международном уровне. \"Особенно на международных соревнованиях: каждый раз, когда она выступает, то обновляет высшее мировое достижение\", — подчеркнул он.\nПри этом Валиева, которую, по словам журналиста, называют самым многообещающим кандидатом на золотую медаль Олимпийских игр в Пекине, уже думает об олимпийской арене. \"Пятнадцатилетняя девушка, получившая прозвище \"источник огорчений\", потому что она \"сбивает\" боевой дух своих соперниц подавляющей силой своего мастерства, сказала: \"Я хочу увидеть Великую Китайскую стену\", — заключил Курасава.\nЧитатели в комментариях к статье также оценили талант российской фигуристки.\n\"Потрясающий результат Валиевой на чемпионате Европы\", — написал пользователь hir.\n\"Какая у этой девушки сила воли! Хладнокровие, которое наводит на мысль о том, что она по менталитету старше своих 15 лет. Это так подходит для королевы фигурного катания\", — указал mar.\n\"Выражения у всех фигуристок нежные, и выглядят все вроде одинаково, но четверные прыжки у русских потрясающие! Ни одна страна больше не может сравниться с ними по этому показателю. Поэтому Олимпиада уже становится неинтересной\", — добавил may.\nПо результатам чемпионата Европы по фигурному катанию россияне завоевали девять наград из 12 возможных. В женском одиночном катании победила Валиева, второй стала Щербакова, третьей — Трусова. У мужчин сильнейшим был Марк Кондратюк. На пьедестале после соревнований спортивных пар оказались россияне Анастасия Мишина и Александр Галлямов, Евгения Тарасова и Владимир Морозов, Александра Бойкова и Дмитрий Козловский. У танцоров победили Виктория Синицина и Никита Кацалапов, вторыми стали Александра Степанова и Иван Букин.\nОлимпийские игры в Пекине пройдут 4-20 февраля.', '1.jpg', 1, 18),
(547, 'Недвижимость', '2023-04-25 19:40:33', 'Сингапур и Нью-Йорк возглавили рейтинг самых дорогих для жизни городов мира', 0, 'Сингапур и Нью-Йорк возглавили рейтинг городов с самой высокой стоимостью проживания в мире, следует из рейтинга Worldwide Cost of Living от Economist Intelligence Unit, аналитического подразделения британской компании Economist Group.\nСингапур возглавлял рейтинг с 2014 по 2019 год, затем уступив это звание Парижу и Тель-Авиву.\nЗа Сингапуром и Нью-Йорком в нынешнем рейтинге следуют Тель-Авив, Лос-Анджелес и Гонконг.\nПо данным аналитиков, шесть из десяти городов, где значительно поднялась стоимость проживания, находятся в США.\nМосква и Санкт-Петербург, отмечают создатели рейтинга, также стремительно поднялись в нем — Москва оказалась на 37-м месте, хотя в 2021 году была на 125-й позиции, а Санкт-Петербург теперь на 73-м месте рейтинга по сравнению со 143-м в прошлом году.\nСоставители рейтинга не включили в него Киев, так как не смогли посетить город, а также Каракас в Венесуэле, \"чтобы избежать искажения рейтинга\".\nСамым \"бюджетным\" городом для проживания вновь стал Дамаск, также рейтинг замыкают Триполи в Ливии, Тегеран, Тунис и Ташкент.\n«\n\"Цены в мегаполисах во всем мире в среднем увеличились на 8,1% в местной валюте за год… Наше исследование выявило, что стоимость жизни растет самыми быстрыми темпами за как минимум 20 лет\", - отмечает газета.\n\nПо ее данным, на росте цен сказались ограничения КНР на поставки из-за коронавируса, рост стоимости энергоресурсов и продовольствия, украинский кризис и другие факторы.', '2.jpg', 0, 18),
(548, 'Навигатор абитуриента', '2023-04-25 19:40:33', 'Учебный год для иностранных студентов в России может начаться в октябре', 0, 'Возобновление занятий в российских вузах для иностранных студентов, в том числе и китайских, зависит и от эпидемиологической обстановки в мире, и от процесса восстановления международного авиасообщения, возможно, начало аудиторных занятий будет отложено до октября, заявил журналистам во вторник представитель Министерства науки и высшего образования России в Китае, первый секретарь посольства РФ в КНР Игорь Поздняков.\n\"Говорить о том, что возобновление ожидается – можно, возобновятся ли занятия – это будет зависеть от текущей эпидемиологической ситуации в России и в Китае\", – заявил Поздняков.\nПри этом он отметил, что \"в то же время мы готовы к такому развитию событий, что, возможно, придется отложить начало аудиторных занятий до 1 октября, поэтому мы в предварительном порядке информируем наших партнеров, в том числе министерство образования КНР о том, что, например, для стипендиатов, которые отправляются в Россию по государственной линии, не исключаем возможности проведения в сентябре для них занятий онлайн, дистанционно\".\n\"Из чего можно сделать вывод, что (начать – ред.) аудиторные занятия мы предполагаем в октябре, но опять-таки возможны другие варианты, это зависит не только от текущей эпидемиологической ситуации в России или в Китае, или в мире в целом, но в том числе и от целого ряда организационных вопросов, включая возобновление международного авиасообщения, что связано в том числе с работой авиакомпаний, визовыми вопросами\", – указал дипломат.', '3.jpg', 1, 18),
(549, 'COVID-19 и Вузы', '2023-04-25 19:40:33', 'COVID-19 отступает? Как вузы разных стран готовятся к осеннему семестру', 0, 'Российским вузам надо готовиться к тому, что осенний семестр, возможно, придется провести в дистанционном формате, считает вице-премьер РФ Татьяна Голикова. В аналогичной ситуации сейчас находятся университеты подавляющего большинства стран. О том, какие меры принимают вузы всего мира, адаптируясь к пост-вирусной реальности, читайте в новом материале РИА Новости.\nВ связи с пандемией COVID-19 с марта по июнь 2020 года учебная и исследовательская активность практически во всех вузах мира ограничивалась возможностями удаленного доступа. Были закрыты почти все лаборатории, библиотеки и другие публичные пространства.\nКак минимум до августа останутся под запретом все массовые мероприятия, и даже церемонии вручения дипломов во многих университетах будут отложены или пройдут онлайн. С конца мая многие вузы приступили к масштабной подготовке персонала и кампусов для следующего учебного года, который принесет много новшеств.\nСтрогие рамки\nНесмотря на то, что эпидемиологическая ситуация в некоторых странах налаживается, соблюдение норм гигиены и социальной дистанции остается максимально строгим требованием во всем мире.\nУспех в борьбе с вирусом, как считает, например, руководство Токийского университета, возможен только в том случае, если устранить из жизни вуза три фактора: работу в закрытых помещениях, скопления людей и близкий физический контакт между ними.\nСогласно регламенту большинства вузов, безопасным считается контакт с расстояния около двух метров. По правилам Швейцарской высшей технической школы для восстановления работы лабораторий потребуется реорганизовать пространство так, чтобы на одного человека приходилось минимум 10 м2. Антисептические препараты, перчатки и маски останутся ежедневной необходимостью.\nУкреплению новых гигиенических норм уделяется большое внимание. Многие университеты, как, например, Стенфордский, запустили онлайн-тренинги по подготовке персонала к работе в новых санитарных условиях. Только пройдя этот курс, можно будет вернуться в кампус.\nНаряду с тестами на коронавирус и бесконтактными термометрами другим важным средством борьбы с распространением инфекции, внедряемым в университетский быт, являются системы мониторинга наподобие сингапурского SafeEntry или оксфордского Health Check. Они позволяют отслеживать состояние персонала и регулировать доступ в кампус в зависимости от показателей.\nКроме того, многие вузы, такие как сингапурский NUS, ввели на своей территории систему зонирования, предполагающую дополнительный пропускной режим внутри кампуса. Также персонал NUS использует приложение TraceTogether, контролирующее контакты между людьми. Подобные приложение активно тестируются и в других университетах, например, в Швейцарской высшей технической школе.', '4.jpg', 0, 18);

-- --------------------------------------------------------

--
-- Структура таблицы `user`
--

CREATE TABLE `user` (
  `id` int NOT NULL,
  `login` varchar(30) CHARACTER SET utf8mb4 COLLATE utf8mb4_unicode_ci NOT NULL,
  `email` varchar(180) CHARACTER SET utf8mb4 COLLATE utf8mb4_unicode_ci NOT NULL,
  `roles` json NOT NULL,
  `password` varchar(255) CHARACTER SET utf8mb4 COLLATE utf8mb4_unicode_ci NOT NULL,
  `api_token` varchar(510) CHARACTER SET utf8mb4 COLLATE utf8mb4_unicode_ci NOT NULL
) ENGINE=InnoDB DEFAULT CHARSET=utf8mb4 COLLATE=utf8mb4_unicode_ci;

--
-- Дамп данных таблицы `user`
--

INSERT INTO `user` (`id`, `login`, `email`, `roles`, `password`, `api_token`) VALUES
(17, 'admin', 'admin@mail.ru', '[\"ROLE_USER\", \"ROLE_ADMIN\"]', '$2y$04$0gfeWcKGf/CJ8QmkhNyCAOHfQoo5nOnW02KEZPvTbg2IepHzi9yxa', 'e61bf9ea-e387-11ed-9deb-67caedb26df7'),
(18, 'diana', 'diana@mail.ru', '[\"ROLE_USER\"]', '$2y$04$7Oj8NZ4iYM1BSIy13o3v1.ETkeguEKR827ND.ey0PJI5dxa33jk5q', 'e61c3676-e387-11ed-baa1-67caedb26df7');

--
-- Индексы сохранённых таблиц
--

--
-- Индексы таблицы `comments`
--
ALTER TABLE `comments`
  ADD PRIMARY KEY (`id`),
  ADD KEY `IDX_5F9E962AA76ED395` (`user_id`),
  ADD KEY `IDX_5F9E962ABD06B3B3` (`news_item_id`);

--
-- Индексы таблицы `doctrine_migration_versions`
--
ALTER TABLE `doctrine_migration_versions`
  ADD PRIMARY KEY (`version`);

--
-- Индексы таблицы `messenger_messages`
--
ALTER TABLE `messenger_messages`
  ADD PRIMARY KEY (`id`),
  ADD KEY `IDX_75EA56E016BA31DB` (`delivered_at`),
  ADD KEY `IDX_75EA56E0FB7336F0` (`queue_name`),
  ADD KEY `IDX_75EA56E0E3BD61CE` (`available_at`);

--
-- Индексы таблицы `news`
--
ALTER TABLE `news`
  ADD PRIMARY KEY (`id`),
  ADD KEY `user_id` (`user_id`);

--
-- Индексы таблицы `user`
--
ALTER TABLE `user`
  ADD PRIMARY KEY (`id`),
  ADD UNIQUE KEY `UNIQ_8D93D649E7927C74` (`email`);

--
-- AUTO_INCREMENT для сохранённых таблиц
--

--
-- AUTO_INCREMENT для таблицы `comments`
--
ALTER TABLE `comments`
  MODIFY `id` int NOT NULL AUTO_INCREMENT, AUTO_INCREMENT=146;

--
-- AUTO_INCREMENT для таблицы `messenger_messages`
--
ALTER TABLE `messenger_messages`
  MODIFY `id` bigint NOT NULL AUTO_INCREMENT;

--
-- AUTO_INCREMENT для таблицы `news`
--
ALTER TABLE `news`
  MODIFY `id` int NOT NULL AUTO_INCREMENT, AUTO_INCREMENT=550;

--
-- AUTO_INCREMENT для таблицы `user`
--
ALTER TABLE `user`
  MODIFY `id` int NOT NULL AUTO_INCREMENT, AUTO_INCREMENT=19;

--
-- Ограничения внешнего ключа сохраненных таблиц
--

--
-- Ограничения внешнего ключа таблицы `comments`
--
ALTER TABLE `comments`
  ADD CONSTRAINT `FK_5F9E962AA76ED395` FOREIGN KEY (`user_id`) REFERENCES `user` (`id`),
  ADD CONSTRAINT `FK_5F9E962ABD06B3B3` FOREIGN KEY (`news_item_id`) REFERENCES `news` (`id`);

--
-- Ограничения внешнего ключа таблицы `news`
--
ALTER TABLE `news`
  ADD CONSTRAINT `news_ibfk_1` FOREIGN KEY (`user_id`) REFERENCES `user` (`id`) ON DELETE CASCADE;
COMMIT;

/*!40101 SET CHARACTER_SET_CLIENT=@OLD_CHARACTER_SET_CLIENT */;
/*!40101 SET CHARACTER_SET_RESULTS=@OLD_CHARACTER_SET_RESULTS */;
/*!40101 SET COLLATION_CONNECTION=@OLD_COLLATION_CONNECTION */;
